{"cameraMode":{"drawMode":0,"name":"Shaded","section":"Shading Mode"},"sceneLighting":true,"audioPlay":false,"sceneViewState":{"showFog":true,"showMaterialUpdate":false,"showSkybox":true,"showFlares":true,"showImageEffects":true,"showParticleSystems":true},"in2DMode":false,"pivot":{"x":446.1915283203125,"y":158.72116088867188,"z":541.9592895507813},"rotation":{"x":0.12745986878871919,"y":-0.7972165942192078,"z":0.17821425199508668,"w":0.5632076263427734},"size":609.2933959960938,"orthographic":false}